user_id,first_name,last_name,email,gender,favorite_genres,created_at,updated_at
68972,Joseph,Salas,wgamble@example.org,Agender,Country,2023-02-11T19:47:36.732653,2024-01-14T03:35:53.261214
33222,Brenda,Tucker,fsmith@example.org,Non-binary,Jazz,2024-08-01T21:29:04.057355,2024-01-02T17:42:13.622293
90249,Andrew,Daniel,pamelamack@example.org,Bigender,Reggae,2023-10-16T20:38:31.161579,2024-01-27T03:40:20.441876
93050,Rebecca,Rodriguez,thompsonsydney@example.org,Bigender,Alternative,2024-08-06T20:34:40.961178,2024-07-17T14:43:12.005162
91002,Cory,Mendoza,turnerroger@example.org,Female,Pop,2023-04-14T23:35:21.084849,2024-08-08T08:33:50.284566
48227,Joshua,Robbins,newtonbrian@example.org,Bigender,Techno,2024-02-08T20:53:36.848065,2024-08-09T22:06:11.182715
89624,Heather,Franklin,kpeters@example.com,Agender,Indie,2024-02-28T08:46:28.842280,2024-04-07T18:17:53.310709
52811,Julie,Bass,victorjuarez@example.org,Male,Funk,2024-10-31T06:28:56.648814,2024-07-18T00:01:42.867393
26955,Kevin,Lopez,gregorycross@example.net,Male,Country,2024-08-29T06:36:56.752911,2024-02-04T08:33:13.369507
38251,Danny,Ruiz,kellyadams@example.com,Gender nonconforming,Jazz,2023-08-02T11:07:51.446769,2024-04-18T09:20:56.867503
89449,Kimberly,Villegas,joewalter@example.org,Genderqueer,Reggae,2023-12-01T03:32:29.878068,2024-07-12T01:46:07.296795
55792,Dave,Solis,kaylagardner@example.net,Genderfluid,Pop,2023-06-24T09:53:05.034414,2024-08-22T23:23:24.980882
27736,Michael,Mitchell,jonesdebbie@example.com,Genderfluid,Country,2024-04-16T11:46:53.293745,2024-05-17T16:50:05.607298
13420,Jason,Merritt,gcopeland@example.org,Genderfluid,Rock,2024-09-16T17:40:51.515330,2023-11-23T10:30:07.061228
32878,Jasmin,Hughes,jjohnson@example.org,Agender,Blues,2024-02-02T09:46:14.109432,2024-02-12T04:53:02.242263
30199,Hannah,Cochran,kyle52@example.net,Agender,Electronic,2022-12-09T19:31:08.595582,2024-08-11T20:31:38.458583
14860,Brooke,Potter,michael98@example.com,Non-binary,Metal,2024-05-19T10:30:01.713141,2024-09-16T14:19:55.599200
55298,Robert,Matthews,alyssa87@example.net,Gender questioning,Techno,2023-07-13T01:03:53.899588,2024-02-22T11:42:30.006922
15340,Whitney,Hicks,uwhitney@example.org,Agender,Funk,2022-12-06T04:25:46.243320,2024-08-31T20:19:29.153037
63857,Jessica,Blake,vanessa24@example.com,Gender nonconforming,R&B,2023-08-03T18:02:57.999475,2024-03-30T21:45:50.009803
24125,Thomas,Vance,danielhernandez@example.org,Genderfluid,Electronic,2023-05-10T08:34:54.582312,2024-05-27T06:35:41.693904
56917,Harold,Garcia,donna98@example.com,Non-binary,Pop,2023-01-28T10:43:00.090914,2024-10-26T01:47:53.210232
32571,Kyle,Ayers,dominicmcbride@example.net,Gender questioning,R&B,2023-06-23T02:11:36.714302,2024-04-30T22:08:32.837570
28979,Megan,Hernandez,perrytimothy@example.com,Agender,Reggae,2024-04-09T07:18:53.788362,2023-12-18T13:15:03.356443
80017,Larry,Mason,davidowen@example.org,Male,Country,2023-01-20T07:18:01.778071,2023-12-25T10:22:36.384943
97520,Timothy,Reynolds,kellyday@example.net,Non-binary,Alternative,2023-10-19T08:40:59.131464,2024-05-28T03:31:43.590969
23593,Caroline,Brown,hutchinsonbethany@example.com,Male,Reggae,2023-05-23T13:20:32.915457,2024-05-15T11:23:17.379920
62178,Martin,Phillips,fryeroger@example.com,Bigender,Folk,2023-06-10T08:37:34.632771,2024-07-09T10:38:04.562619
50539,James,Mccoy,jeanette07@example.net,Agender,Electronic,2024-03-18T19:36:41.031373,2024-07-22T00:14:08.148335
92856,Regina,Vargas,laurie95@example.com,Bigender,Hip Hop,2023-07-09T11:57:26.323650,2024-02-03T23:52:51.853409
57840,Kelly,Gomez,robertramirez@example.org,Non-binary,Reggae,2023-12-23T21:51:47.741656,2024-02-01T03:41:56.641951
17678,Meagan,Nunez,johnspencer@example.org,Bigender,Country,2023-09-13T01:42:55.188290,2023-12-02T06:04:43.314845
22484,Sandra,Doyle,brooksmaureen@example.com,Male,Indie,2023-10-25T02:44:45.385504,2024-04-14T20:18:43.970559
19346,Amanda,Garcia,jill47@example.org,Gender questioning,Folk,2024-09-22T20:40:16.521950,2024-01-03T10:42:22.198391
38756,Brittany,Chapman,ryanmorales@example.com,Non-binary,Alternative,2023-08-31T13:58:26.426007,2024-01-29T16:12:07.181175
55152,Jennifer,Guzman,jocampbell@example.com,Bigender,R&B,2023-03-19T13:22:30.824786,2024-10-12T17:39:29.984048
70813,James,Bridges,lwatson@example.com,Genderfluid,Country,2023-04-10T05:00:26.298635,2024-04-10T16:55:26.047321
37580,Emily,Coleman,phillipstommy@example.net,Bigender,Classical,2023-12-23T12:35:44.307353,2024-08-18T16:40:41.801929
72240,Scott,Torres,owensjoseph@example.com,Non-binary,Jazz,2024-08-11T09:11:51.256700,2024-10-13T08:06:15.336189
25618,Jonathan,Simmons,xprice@example.com,Gender questioning,Blues,2023-04-28T20:53:54.057931,2024-05-23T04:57:51.263595
41959,Erin,Cox,kimberly25@example.net,Genderqueer,Folk,2023-03-14T21:01:33.309411,2024-01-14T18:29:50.048742
25018,Ashley,Garrett,jessica93@example.org,Agender,Hip Hop,2023-09-18T23:25:11.642261,2023-12-04T04:32:52.992834
75841,Damon,Stephens,hernandeztara@example.org,Gender questioning,Alternative,2023-08-08T16:21:57.010185,2024-04-03T09:44:29.326106
14629,Connor,Hall,leslie33@example.net,Bigender,R&B,2024-09-19T11:47:26.678232,2024-05-10T13:43:20.714895
10467,Amanda,Campos,ismith@example.net,Non-binary,Electronic,2024-09-25T09:58:43.062827,2024-05-09T09:07:28.203626
26154,Edward,Mccarthy,toddperry@example.org,Bigender,Techno,2024-10-08T12:30:07.645335,2024-06-15T02:40:45.416351
82377,Katelyn,Brown,nancyarnold@example.net,Genderfluid,Classical,2023-03-24T03:42:50.248282,2024-06-27T15:23:28.118955
22452,James,Nguyen,lbyrd@example.com,Gender questioning,Indie,2023-11-12T09:58:55.735276,2024-05-18T06:06:37.783384
27609,Diana,Alvarez,harriseddie@example.net,Agender,Jazz,2024-08-30T00:14:26.602461,2024-06-17T06:21:57.510573
90117,Jacob,Flynn,stephaniejohnson@example.org,Female,Electronic,2023-12-11T02:59:35.615198,2024-06-18T14:57:49.446403
30709,Samuel,Harvey,rosssonya@example.com,Gender nonconforming,Metal,2023-02-13T15:53:13.469526,2024-02-07T08:22:35.628490
80091,Kelsey,White,laura15@example.org,Bigender,Rock,2023-07-21T20:44:55.413121,2024-06-18T06:51:40.012281
45055,Amy,Woods,collin00@example.net,Genderfluid,Electronic,2024-08-13T03:31:11.495521,2024-05-17T03:10:48.161264
15625,Joshua,Morales,richardnelson@example.net,Female,Rock,2023-02-27T00:33:23.441363,2024-02-24T21:14:07.888074
82468,Victoria,Crawford,ambermoore@example.net,Gender nonconforming,Funk,2024-02-23T00:21:03.814070,2024-04-23T06:08:32.963537
7434,Patrick,Pace,ohampton@example.net,Gender questioning,Jazz,2023-11-25T02:23:07.680727,2024-09-11T15:53:12.829564
30914,Natasha,Hopkins,davidcarter@example.com,Genderqueer,R&B,2023-08-22T13:47:18.759187,2024-01-10T16:16:23.430881
20865,Jonathan,Krueger,whitealex@example.com,Female,Rock,2024-05-02T06:23:11.680888,2024-07-29T06:43:24.149280
24002,Susan,Shelton,bellmarcus@example.org,Male,Country,2023-11-08T22:23:36.325128,2024-06-11T04:47:10.675409
73730,Chelsea,Perez,edwardsjeffery@example.com,Gender nonconforming,Funk,2024-01-17T12:16:29.901379,2024-08-19T23:57:56.389378
91458,Rachael,Harris,james01@example.com,Gender questioning,Hip Hop,2023-05-21T18:25:06.533429,2024-11-04T02:53:36.056574
98275,Daniel,Davis,davisgeorge@example.net,Female,Metal,2024-07-03T02:07:20.100515,2024-06-12T00:58:07.425042
63558,Calvin,Adams,lesliestevens@example.com,Agender,Pop,2023-03-10T04:54:55.576258,2024-06-29T18:23:22.914726
7723,Beth,Phillips,michael79@example.com,Genderfluid,Techno,2024-06-28T03:53:46.087905,2024-03-10T02:26:13.474682
12878,Carrie,Walton,ricky22@example.com,Male,Classical,2023-11-15T04:36:51.072455,2024-05-24T16:22:03.475866
70205,Courtney,Grant,kimberly19@example.com,Non-binary,Rock,2023-09-26T08:31:50.436042,2023-12-12T00:47:34.689864
9725,William,Medina,david53@example.org,Genderqueer,Alternative,2024-08-06T00:43:13.287968,2024-01-25T10:13:55.159300
94049,James,Ramirez,jacob51@example.com,Genderqueer,Techno,2024-01-28T13:30:47.093715,2024-10-11T04:56:41.440215
99484,Brittany,Stewart,evelyn53@example.net,Male,Jazz,2024-01-13T20:51:19.415919,2024-02-18T05:49:50.531004
43054,Kyle,Bell,juliesnyder@example.net,Non-binary,Funk,2024-02-20T20:10:11.990535,2024-04-12T10:02:13.495428
67114,Amanda,Anderson,jenniferchambers@example.net,Bigender,Rock,2023-05-10T16:56:40.212370,2024-09-03T22:22:48.469524
57876,Vicki,Graves,ztorres@example.com,Genderfluid,Reggae,2024-05-05T07:09:15.045770,2024-05-09T19:47:08.607753
24604,Jason,Smith,hoffmanwendy@example.com,Male,Blues,2023-08-10T05:23:36.791991,2024-07-22T22:50:35.450293
39092,Sharon,Stevens,christopheroliver@example.net,Genderqueer,Indie,2023-10-31T04:37:37.905862,2023-11-21T11:27:14.473290
34404,Samantha,Moore,scott23@example.net,Gender nonconforming,Electronic,2024-08-12T20:42:34.274101,2023-11-20T15:52:15.209135
45906,Lisa,Moreno,kennethjones@example.com,Agender,Classical,2023-05-10T08:17:03.665131,2024-08-26T04:07:59.158536
60727,Michael,Murray,dennisdominguez@example.com,Gender questioning,Folk,2023-03-14T07:20:00.293384,2024-10-11T15:26:25.443371
48393,Joseph,Romero,nicole91@example.com,Agender,Techno,2024-10-16T00:19:46.621798,2024-08-02T10:01:23.055537
20279,Jackie,Gonzalez,ymoore@example.org,Male,Folk,2023-02-25T13:07:25.524447,2024-01-17T16:32:25.911764
68728,Roger,Ewing,gclark@example.com,Gender nonconforming,Reggae,2023-05-30T21:43:58.964882,2024-01-03T22:48:22.831393
3839,Aaron,Wilson,travisjacobson@example.com,Gender nonconforming,Folk,2023-12-27T05:34:16.605736,2024-04-30T11:37:04.758787
47142,Travis,Thomas,thomasgregory@example.org,Non-binary,Metal,2023-01-23T18:26:23.172746,2024-04-02T23:29:17.758179
49167,Brent,Gilbert,jessicalopez@example.net,Non-binary,Pop,2024-06-08T15:33:23.328548,2024-05-19T00:42:25.807103
81498,Kristen,Ross,iriley@example.com,Gender questioning,Jazz,2023-05-01T02:10:30.872265,2024-11-02T02:21:51.609514
75593,Steven,Sexton,valeriesolomon@example.net,Agender,Alternative,2024-06-11T02:27:50.037927,2024-08-05T22:09:09.758399
196,Sarah,Mcdonald,chendorothy@example.org,Non-binary,Electronic,2023-03-08T00:33:38.954656,2023-12-16T12:57:26.042302
95128,Angela,Smith,jeremymiller@example.net,Male,Classical,2024-10-23T19:28:21.426826,2024-05-23T13:08:38.403291
81954,Anthony,Walters,murrayamber@example.org,Gender questioning,Rock,2024-04-20T09:45:32.333168,2024-04-08T09:50:15.935014
93601,Derek,Scott,kennethbishop@example.org,Male,Jazz,2023-02-17T20:50:54.983966,2023-11-20T02:45:52.032659
31574,Karen,Butler,barbershirley@example.org,Gender questioning,Hip Hop,2023-09-09T17:25:31.526787,2024-06-13T11:09:17.834433
92075,Jordan,Rodriguez,kristin44@example.com,Agender,Pop,2023-07-03T06:21:03.780447,2023-12-22T06:11:45.902392
91019,Jennifer,Sanders,wgeorge@example.org,Female,Pop,2022-11-17T16:55:23.230581,2024-02-13T21:51:57.818376
90379,Katie,Alvarez,victor58@example.com,Genderqueer,Indie,2024-01-22T21:19:20.283327,2024-08-27T07:35:33.247648
97196,Kelsey,Valentine,wendy49@example.net,Female,Blues,2024-04-05T19:47:45.017096,2024-03-28T02:43:07.676565
96629,Walter,Smith,markperry@example.com,Male,Rock,2023-01-07T09:32:31.144915,2023-11-24T19:55:06.743112
67703,Elizabeth,Lloyd,sarahhale@example.org,Genderqueer,Alternative,2024-07-10T00:22:19.974542,2024-02-25T12:36:19.177210
32901,Brenda,Riley,rosalesthomas@example.com,Agender,Funk,2024-07-23T00:15:00.779845,2024-03-10T15:23:40.594255
43622,April,Munoz,parkerjennifer@example.com,Gender questioning,Punk,2024-04-30T22:31:22.574438,2024-01-07T11:48:15.271569
51682,Lindsey,Frost,elawrence@example.com,Male,Techno,2022-12-14T07:41:40.794298,2024-02-24T21:34:23.008096
41843,Tammy,Thomas,shieldsscott@example.org,Genderqueer,Punk,2023-07-28T05:12:44.970072,2024-11-06T03:52:02.115954
